filters,kernel_size,learning_rate,dense_units,dropout_rate,Accuracy,Precision,Recall,F1_Score
16,2,0.001,32,0.2,0.85,0.8181818181818182,0.9,0.8571428571428571
32,3,0.001,64,0.3,0.775,0.8235294117647058,0.7,0.7567567567567568
64,3,0.0005,128,0.4,0.625,1.0,0.25,0.4
