Fold,Accuracy,Precision,Recall,F1_Score
1,0.6,0.5555555555555556,1.0,0.7142857142857143
2,0.7,0.7857142857142857,0.55,0.6470588235294118
3,0.95,1.0,0.9,0.9473684210526315
4,0.75,0.7272727272727273,0.8,0.7619047619047619
5,0.875,0.8947368421052632,0.85,0.8717948717948718
