Fold,Accuracy,Precision,Recall,F1_Score
1,0.85,0.8181818181818182,0.9,0.8571428571428571
2,0.825,0.8095238095238095,0.85,0.8292682926829268
3,0.85,0.85,0.85,0.85
4,0.55,1.0,0.1,0.18181818181818182
5,0.875,0.8947368421052632,0.85,0.8717948717948718
