filters,kernel_size,learning_rate,dense_units,dropout_rate,Accuracy,Precision,Recall,F1_Score
16,2,0.001,32,0.2,0.7,0.625,1.0,0.7692307692307693
32,3,0.001,64,0.3,0.875,0.9411764705882353,0.8,0.8648648648648649
64,3,0.0005,128,0.4,0.75,0.8571428571428571,0.6,0.7058823529411765
