filters,kernel_size,learning_rate,dense_units,dropout_rate,Accuracy,Precision,Recall,F1_Score
16,2,0.001,32,0.2,0.5,0.5,1.0,0.6666666666666666
32,3,0.001,64,0.3,0.75,0.8125,0.65,0.7222222222222222
64,3,0.0005,128,0.4,0.675,0.7058823529411765,0.6,0.6486486486486487
