Fold,Accuracy,Precision,Recall,F1_Score
1,0.65,0.6,0.9,0.72
2,0.725,0.9090909090909091,0.5,0.6451612903225806
3,0.475,0.48148148148148145,0.65,0.5531914893617021
4,0.5,0.5,0.65,0.5652173913043478
5,0.725,0.6666666666666666,0.9,0.7659574468085106
