Model,Accuracy,Precision,Recall,F1_Score
CNN,0.875,0.9411764705882353,0.8,0.8648648648648649
Logistic Regression,0.975,1.0,0.95,0.9743589743589743
