Model,Accuracy,Precision,Recall,F1_Score
CNN,0.8,0.7727272727272727,0.85,0.8095238095238095
Logistic Regression,0.975,1.0,0.95,0.9743589743589743
